category,name,url
공공,정부24,https://www.gov.kr/
공공,대한민국 정책브리핑,https://www.korea.kr/
공공,국세청 홈택스,https://www.hometax.go.kr/
공공,국세청,https://www.nts.go.kr/
공공,국민건강보험공단,https://www.nhis.or.kr/
공공,국민연금공단,https://www.nps.or.kr/
공공,근로복지공단,https://www.comwel.or.kr/
공공,고용노동부,https://www.moel.go.kr/
공공,워크넷,https://www.work24.go.kr/
공공,행정안전부,https://www.mois.go.kr/
공공,과학기술정보통신부,https://www.msit.go.kr/
공공,한국인터넷진흥원,https://www.kisa.or.kr/
공공,보호나라,https://www.boho.or.kr/
공공,경찰청,https://www.police.go.kr/
공공,경찰청 교통민원24(이파인),https://www.efine.go.kr/
공공,국가법령정보센터,https://www.law.go.kr/
공공,대법원 전자소송,https://ecfs.scourt.go.kr/
공공,금융감독원,https://www.fss.or.kr/
공공,금융위원회,https://www.fsc.go.kr/
공공,한국은행,https://www.bok.or.kr/
공공,통계청,https://kostat.go.kr/
공공,공공데이터포털,https://www.data.go.kr/
공공,국민권익위원회,https://www.acrc.go.kr/
공공,국민신문고,https://www.epeople.go.kr/
공공,방송미디어통신심의위원회,https://www.kocsc.or.kr/
공공,개인정보보호위원회,https://www.pipc.go.kr/
공공,질병관리청,https://www.kdca.go.kr/
공공,식품의약품안전처,https://www.mfds.go.kr/
공공,한국전력공사,https://www.kepco.co.kr/
공공,한국도로공사,https://www.ex.co.kr/
공공,코레일,https://www.letskorail.com/
공공,한국토지주택공사,https://www.lh.or.kr/
공공,서울특별시,https://www.seoul.go.kr/
공공,부산광역시,https://www.busan.go.kr/
공공,경기도,https://www.gg.go.kr/
공공,광주광역시,https://www.gwangju.go.kr/
공공,대구광역시,https://www.daegu.go.kr/
공공,인천광역시,https://www.incheon.go.kr/
공공,국립중앙도서관,https://www.nl.go.kr/
공공,한국관광공사,https://knto.or.kr/
공공,병무청,https://www.mma.go.kr/
공공,기상청,https://www.kma.go.kr/
공공,우정사업본부,https://www.koreapost.go.kr/
공공,인터넷우체국,https://www.epost.go.kr/
공공,조달청 나라장터,https://www.g2b.go.kr/
공공,국토교통부,https://www.molit.go.kr/
공공,교육부,https://www.moe.go.kr/
공공,한국장학재단,https://www.kosaf.go.kr/
공공,법무부,https://www.moj.go.kr/
공공,외교부,https://www.mofa.go.kr/
금융,KB국민은행,https://www.kbstar.com/
금융,신한은행,https://www.shinhan.com/
금융,우리은행,https://www.wooribank.com/
금융,하나은행,https://www.kebhana.com/
금융,NH농협은행,https://banking.nonghyup.com/
금융,IBK기업은행,https://www.ibk.co.kr/
금융,카카오뱅크,https://www.kakaobank.com/
금융,토스뱅크,https://www.tossbank.com/
금융,케이뱅크,https://www.kbanknow.com/
금융,SC제일은행,https://www.standardchartered.co.kr/
금융,부산은행,https://www.busanbank.co.kr/
금융,iM뱅크,https://www.imbank.co.kr/
금융,우체국예금보험,https://www.epostbank.go.kr/
금융,새마을금고,https://www.kfcc.co.kr/
금융,신협,https://www.cu.co.kr/
금융,삼성카드,https://www.samsungcard.com/
금융,현대카드,https://www.hyundaicard.com/
금융,신한카드,https://www.shinhancard.com/
금융,KB국민카드,https://card.kbcard.com/
금융,롯데카드,https://www.lottecard.co.kr/
금융,BC카드,https://www.bccard.com/
금융,삼성증권,https://www.samsungpop.com/
금융,미래에셋증권,https://securities.miraeasset.com/
금융,키움증권,https://www.kiwoom.com/
금융,한국투자증권,https://securities.koreainvestment.com/
금융,NH투자증권,https://www.nhqv.com/
금융,삼성생명,https://www.samsunglife.com/
금융,한화생명,https://www.hanwhalife.com/
금융,삼성화재,https://www.samsungfire.com/
금융,DB손해보험,https://www.idbins.com/
금융,현대해상,https://www.hi.co.kr/
금융,한국거래소,https://www.krx.co.kr/
금융,예금보험공사,https://www.kdic.or.kr/
금융,서민금융진흥원,https://www.kinfa.or.kr/
금융,토스,https://toss.im/
쇼핑,쿠팡,https://www.coupang.com/
쇼핑,G마켓,https://www.gmarket.co.kr/
쇼핑,옥션,https://www.auction.co.kr/
쇼핑,11번가,https://www.11st.co.kr/
쇼핑,SSG닷컴,https://www.ssg.com/
쇼핑,롯데ON,https://www.lotteon.com/
쇼핑,무신사,https://www.musinsa.com/
쇼핑,29CM,https://www.29cm.co.kr/
쇼핑,마켓컬리,https://www.kurly.com/
쇼핑,오늘의집,https://ohou.se/
쇼핑,이마트,https://emart.ssg.com/
쇼핑,홈플러스,https://front.homeplus.co.kr/
쇼핑,다이소몰,https://www.daisomall.co.kr/
쇼핑,올리브영,https://www.oliveyoung.co.kr/
쇼핑,교보문고,https://www.kyobobook.co.kr/
쇼핑,YES24,https://www.yes24.com/
쇼핑,알라딘,https://www.aladin.co.kr/
쇼핑,인터파크,https://www.interpark.com/
쇼핑,GS SHOP,https://www.gsshop.com/
쇼핑,번개장터,https://m.bunjang.co.kr/
쇼핑,당근,https://www.daangn.com/
쇼핑,다나와,https://www.danawa.com/
쇼핑,에누리,https://www.enuri.com/
쇼핑,하이마트,https://www.e-himart.co.kr/
쇼핑,신세계백화점,https://www.shinsegae.com/
택배,CJ대한통운,https://www.cjlogistics.com/
택배,한진택배,https://www.hanjin.com/
택배,롯데글로벌로지스,https://www.lotteglogis.com/
택배,로젠택배,https://www.ilogen.com/
택배,우체국택배,https://service.epost.go.kr/
택배,경동택배,https://kdexp.com/
택배,대신택배,https://www.ds3211.co.kr/
택배,합동택배,https://hdexp.co.kr/
택배,일양로지스,https://www.ilyanglogis.co.kr/
택배,DHL 코리아,https://www.dhl.com/kr-ko/home.html
택배,FedEx 코리아,https://www.fedex.com/ko-kr/home.html
택배,UPS 코리아,https://www.ups.com/kr/ko/Home.page
통신,SK텔레콤,https://www.sktelecom.com/
통신,T world,https://www.tworld.co.kr/
통신,KT,https://www.kt.com/
통신,LG유플러스,https://www.lguplus.com/
통신,알뜰폰허브,https://www.mvnohub.kr/
포털,네이버,https://www.naver.com/
포털,다음,https://www.daum.net/
포털,카카오,https://www.kakaocorp.com/
포털,구글 코리아,https://www.google.co.kr/
포털,나무위키,https://namu.wiki/
언론,연합뉴스,https://www.yna.co.kr/
언론,KBS,https://www.kbs.co.kr/
언론,MBC,https://www.imbc.com/
언론,SBS,https://www.sbs.co.kr/
언론,조선일보,https://www.chosun.com/
언론,중앙일보,https://www.joongang.co.kr/
언론,동아일보,https://www.donga.com/
언론,한겨레,https://www.hani.co.kr/
언론,경향신문,https://www.khan.co.kr/
언론,한국경제,https://www.hankyung.com/
언론,매일경제,https://www.mk.co.kr/
교육,서울대학교,https://www.snu.ac.kr/
교육,KAIST,https://www.kaist.ac.kr/
교육,연세대학교,https://www.yonsei.ac.kr/
교육,고려대학교,https://www.korea.ac.kr/
교육,EBS,https://www.ebs.co.kr/
교육,K-MOOC,https://www.kmooc.kr/
교육,전남대학교,https://www.jnu.ac.kr/
교육,부산대학교,https://www.pusan.ac.kr/
생활,배달의민족,https://www.baemin.com/
생활,야놀자,https://www.yanolja.com/
생활,여기어때,https://www.goodchoice.kr/
생활,직방,https://www.zigbang.com/
생활,CGV,https://www.cgv.co.kr/
생활,메가박스,https://www.megabox.co.kr/
생활,롯데시네마,https://www.lottecinema.co.kr/
생활,멜론,https://www.melon.com/
생활,대한항공,https://www.koreanair.com/
생활,아시아나항공,https://flyasiana.com/
생활,SRT,https://etk.srail.kr/
사행(합법),베트맨,https://www.betman.co.kr/
사행(합법),스포츠토토,https://www.sportstoto.co.kr/
사행(합법),동행복권,https://www.dhlottery.co.kr/
사행(합법),한국마사회,https://www.kra.co.kr/
사행(합법),경륜,https://www.kcycle.or.kr/
사행(합법),경정,https://www.kboat.or.kr/
